File name,Comment y/n,Date,Cage,Position,BatchNo,Day,EggNo,File,Uncertainty,Comment
NoComment_20230522_A2_CloseMaize_1_Day1_50Eggs,NoComment,20230522,A2,CloseMaize,1,Day1,53,tif,Count Difference,Three eggs forgotten
NoComment_20230522_A2_Maize_1_Day2_239Eggs,NoComment,20230522,A2,Maize,1,Day2,239,tif,,
NoComment_20230522_A2_Maize_4_Day1_315Eggs,NoComment,20230522,A2,Maize,4,Day1,319,tif,Count Difference,Four eggs forgotten
NoComment_20230522_A2_Maize_5_Day1_412Eggs,NoComment,20230522,A2,Maize,5,Day1,412,tif,,
NoComment_20230522_A2_Maize_6_Day2_165Eggs,NoComment,20230522,A2,Maize,6,Day2,166,tif,Count Difference,One egg forgotten
NoComment_20230522_A2_Maize_7_Day2_115Eggs,NoComment,20230522,A2,Maize,7,Day2,115,tif,Faint Particles,
NoComment_20230522_A2_Maize_8_Day3_37Eggs,NoComment,20230522,A2,Maize,8,Day3,37,tif,,
NoComment_20230522_A2_Maize_9_Day3_76Eggs,NoComment,20230522,A2,Maize,9,Day3,76,tif,,
NoComment_20230522_A2_Maize_2-3_Day1_133Eggs,NoComment,20230522,A2,Maize,2-3,Day1,133,tif,,
Comment_20230522_B1_Des_1_Day2_239Eggs,Comment,20230522,B1,Des,1,Day2,239,tif,,
NoComment_20230522_B1_Des_2_Day2_158Eggs,NoComment,20230522,B1,Des,2,Day2,158,tif,,
NoComment_20230522_B1_Des_3_Day2_233Eggs,NoComment,20230522,B1,Des,3,Day2,233,tif,,
NoComment_20230522_B1_Des_4_Day_154Eggs,NoComment,20230522,B1,Des,4,Day,154,tif,,
NoComment_20230522_B1_Des_5_Day_49Eggs,NoComment,20230522,B1,Des,5,Day,49,tif,Small Cluster,
Comment_20230522_B1_Des_6_Day3_185Eggs,Comment,20230522,B1,Des,6,Day3,185,tif,Small Cluster,
NoComment_20230522_B1_Des_7_Day3_33Eggs,NoComment,20230522,B1,Des,7,Day3,33,tif,,
NoComment_20230522_B1_Des_8_Day3_161Eggs,NoComment,20230522,B1,Des,8,Day3,161,tif,,
NoComment_20230522_B1_Des_9_Day3_279Eggs,NoComment,20230522,B1,Des,9,Day3,279,tif,,
Comment_20230522_B1_Maize_1_Day1_708Eggs,Comment,20230522,B1,Maize,1,Day1,708,tif,,
NoComment_20230522_B1_Maize_2_Day2_28Eggs,NoComment,20230522,B1,Maize,2,Day2,28,tif,,
NoComment_20230522_B1_Maize_3_Day2_170Eggs,NoComment,20230522,B1,Maize,3,Day2,170,tif,,
NoComment_20230522_B1_Maize_4_Day3_28Eggs,NoComment,20230522,B1,Maize,4,Day3,28,tif,,
Comment_20230522_B1_Maize_5_Day3_271Eggs,Comment,20230522,B1,Maize,5,Day3,271,tif,Small Cluster,
NoComment_20230522_B1_Maize_6_Day3_131Eggs,NoComment,20230522,B1,Maize,6,Day3,131,tif,,
NoComment_20230522_B2_Des_1_Day1_253Eggs,NoComment,20230522,B2,Des,1,Day1,253,tif,,
Comment_20230522_B2_Maize_1_Day1_131Eggs,Comment,20230522,B2,Maize,1,Day1,131,tif,Big Cluster,
Comment_20230522_B2_Maize_2_Day1_136Eggs,Comment,20230522,B2,Maize,2,Day1,136,tif,Eggs Dried,
Comment_20230522_C1_Left_1_537Eggs,Comment,20230522,C1,Left,1,,537,tif,Big Cluster,
NoComment_20230522_C1_Left_2_131Eggs,NoComment,20230522,C1,Left,2,,131,tif,,
Comment_20230522_C1_NoDecision_1_Day1_33Eggs,Comment,20230522,C1,NoDecision,1,Day1,33,tif,Faint Particles,
Comment_20230522_C1_Right_1_Day3_217Eggs,Comment,20230522,C1,Right,1,Day3,217,tif,Cluster,
Comment_20230522_C1_Right_2_Day3_167Eggs,Comment,20230522,C1,Right,2,Day3,167,tif,Cluster,
Comment_20230522_C1_Right_3_Day3_377Eggs,Comment,20230522,C1,Right,3,Day3,377,jpg,Big Cluster,
Comment_20230522_C1_Right_4_Day3_179Eggs,Comment,20230522,C1,Right,4,Day3,179,jpg,Small Cluster,
Comment_20230522_C1_Right_5_Day3_192Eggs,Comment,20230522,C1,Right,5,Day3,192,jpg,Small Cluster,
Comment_20230522_C2_Left_1_310Eggs,Comment,20230522,C2,Left,1,,310,jpg,Small Cluster,
Comment_20230522_C2_Left_2_461Eggs,Comment,20230522,C2,Left,2,,461,jpg,Big Layer,
Comment_20230522_C2_Left_3_497Eggs,Comment,20230522,C2,Left,3,,497,jpg,Big Layer,
NoComment_20230522_C2_Right_1_173Eggs,NoComment,20230522,C2,Right,1,,173,tif,,
NoComment_20230522_C2_Right_2_Day1_14Eggs,NoComment,20230522,C2,Right,2,Day1,14,tif,,
NoComment_20230522_C2_Right_3_Day1_11Eggs,NoComment,20230522,C2,Right,3,Day1,11,tif,,
NoComment_20230522_C2_Right_4_Day2_178Eggs,NoComment,20230522,C2,Right,4,Day2,178,tif,,
NoComment_20230522_C2_Right_5_Day2_46Eggs,NoComment,20230522,C2,Right,5,Day2,46,tif,,
NoComment_20230522_C2_Right_6_Day2_33Eggs,NoComment,20230522,C2,Right,6,Day2,33,tif,,
NoComment_20230522_C2_Right_7_Day2_25Eggs,NoComment,20230522,C2,Right,7,Day2,25,tif,,
NoComment_20230522_C2_Right_8_Day2_10Eggs,NoComment,20230522,C2,Right,8,Day2,10,tif,,
Comment_20230522_C2_Right_9_489Eggs,Comment,20230522,C2,Right,9,,489,jpg,Big Layer,
NoComment_20230522_C2_Right_10_Day1_11Eggs,NoComment,20230522,C2,Right,10,Day1,11,tif,,
NoComment_20230522_D1_CloseDes_1_Day1_148Eggs,NoComment,20230522,D1,CloseDes,1,Day1,148,jpg,,
Comment_20230522_D1_CloseMaize_1_139Eggs,Comment,20230522,D1,CloseMaize,1,,139,tif,Eggs Dried,
NoComment_20230522_D1_Des_1_Day2_18Eggs,NoComment,20230522,D1,Des,1,Day2,18,tif,,
NoComment_20230522_D1_Des_2_Day2_79Eggs,NoComment,20230522,D1,Des,2,Day2,79,tif,,
NoComment_20230522_D1_Des_3_Day2_393Eggs,NoComment,20230522,D1,Des,3,Day2,393,tif,,
Comment_20230522_D1_Maize_1_745Eggs,Comment,20230522,D1,Maize,1,,745,jpg,Big Layer,
NoComment_20230522_D1_Maize_2_Day2_177Eggs,NoComment,20230522,D1,Maize,2,Day2,177,tif,,
NoComment_20230522_D1_NoDecision_1_277Eggs,NoComment,20230522,D1,NoDecision,1,,277,tif,,
Comment_20230522_E2_Des_1_Day1_391Eggs,Comment,20230522,E2,Des,1,Day1,393,tif,Count Difference,Two eggs forgotten
NoComment_20230522_E2_Des_2_Day2_156Eggs,NoComment,20230522,E2,Des,2,Day2,156,tif,,
NoComment_20230522_E2_Des_3_Day3_183Eggs,NoComment,20230522,E2,Des,3,Day3,183,tif,,
NoComment_20230522_E2_Maize_1_Day1_17Eggs,NoComment,20230522,E2,Maize,1,Day1,17,tif,,
NoComment_20230522_E2_Maize_2_Day1_115Eggs,NoComment,20230522,E2,Maize,2,Day1,115,tif,,
Comment_20230522_E2_Maize_3_Day1_74Eggs,Comment,20230522,E2,Maize,3,Day1,74,tif,Eggs Dried,
NoComment_20230522_E2_Maize_4_Day2_108Eggs,NoComment,20230522,E2,Maize,4,Day2,108,tif,,
NoComment_20230522_E2_Maize_5_Day3_74Eggs,NoComment,20230522,E2,Maize,5,Day3,74,tif,,
NoComment_20230522_E2_Maize_6_Day3_167Eggs,NoComment,20230522,E2,Maize,6,Day3,167,tif,,
NoComment_20230522_F1_CloseLeft_1_Day3_59Eggs,NoComment,20230522,F1,CloseLeft,1,Day3,59,tif,,
NoComment_20230522_F1_Left_1_Day1_83Eggs,NoComment,20230522,F1,Left,1,Day1,83,tif,,
NoComment_20230522_F1_Left_2_Day3_254Eggs,NoComment,20230522,F1,Left,2,Day3,254,tif,,
Comment_20230522_F1_Left_3_Day3_293Eggs,Comment,20230522,F1,Left,3,Day3,291,tif,Count Difference,Two non-target particles counted
NoComment_20230522_F1_NoDecision_1_Day3_355Eggs,NoComment,20230522,F1,NoDecision,1,Day3,355,tif,,
NoComment_20230522_F1_NoDecision_2_Day3_223Eggs,NoComment,20230522,F1,NoDecision,2,Day3,223,tif,,
Comment_20230522_F1_Right_1_Day1_476Eggs,Comment,20230522,F1,Right,1,Day1,476,tif,Big Cluster,
NoComment_20230522_F1_Right_2_Day2_141Eggs,NoComment,20230522,F1,Right,2,Day2,141,tif,,
NoComment_20230522_F1_Right_3_Day3_198Eggs,NoComment,20230522,F1,Right,3,Day3,198,tif,,
NoComment_20230522_F1_Right_4_Day3_21Eggs,NoComment,20230522,F1,Right,4,Day3,21,tif,,
NoComment_20230522_F2_Left_1_D2_215Eggs,NoComment,20230522,F2,Left,1,D2,215,tif,,
NoComment_20230522_F2_Left_2_Day2_252Eggs,NoComment,20230522,F2,Left,2,Day2,252,tif,,
NoComment_20230522_F2_Left_3_Day2_81Eggs,NoComment,20230522,F2,Left,3,Day2,81,tif,,
NoComment_20230522_F2_Left_4_Day2_182Eggs,NoComment,20230522,F2,Left,4,Day2,182,tif,,
NoComment_20230522_F2_Left_5_Day2_50Eggs,NoComment,20230522,F2,Left,5,Day2,50,tif,,
NoComment_20230522_F2_Left_8_Day3_187Eggs,NoComment,20230522,F2,Left,8,Day3,187,tif,,
NoComment_20230522_F2_Left_9_Day3_55Eggs,NoComment,20230522,F2,Left,9,Day3,55,jpg,Faint Cluster,
NoComment_20230522_F2_Left_10_Day3_114Eggs,NoComment,20230522,F2,Left,10,Day3,114,tif,,
Comment_20230522_F2_Left_11_Day3_83Eggs,Comment,20230522,F2,Left,11,Day3,83,tif,Small Cluster,
NoComment_20230522_F2_Left_12_Day3_111Eggs,NoComment,20230522,F2,Left,12,Day3,111,tif,,
NoComment_20230522_F2_Left_13_Day3_22Eggs,NoComment,20230522,F2,Left,13,Day3,22,tif,,
Comment_20230522_F2_Left_6-7_Day3_212Eggs,Comment,20230522,F2,Left,6-7,Day3,212,tif,Faint Particles,
NoComment_20230522_F2_Right_1_Day2_251Eggs,NoComment,20230522,F2,Right,1,Day2,251,tif,,
NoComment_20230522_F2_Right_2_Day2_10Eggs,NoComment,20230522,F2,Right,2,Day2,10,tif,,
NoComment_20230522_F2_Right_3_Day3_69Eggs,NoComment,20230522,F2,Right,3,Day3,69,tif,,
NoComment_20230522_F2_Right_4_Day3_156Eggs,NoComment,20230522,F2,Right,4,Day3,156,tif,,
NoComment_20230522_F2_Right_5_Day3_76Eggs,NoComment,20230522,F2,Right,5,Day3,76,tif,Faint Cluster,
Comment_20230522_F3_Left_1_Day2_11Eggs,Comment,20230522,F3,Left,1,Day2,11,tif,Faint Particles,
NoComment_20230522_F3_Left_2_Day2_100Eggs,NoComment,20230522,F3,Left,2,Day2,100,tif,,
NoComment_20230522_F3_Left_3_Day2_187Eggs,NoComment,20230522,F3,Left,3,Day2,187,tif,,
NoComment_20230522_F3_Left_4_Day2_146Eggs,NoComment,20230522,F3,Left,4,Day2,146,tif,,
Comment_20230522_F3_Left_5_Day2_71Eggs,Comment,20230522,F3,Left,5,Day2,71,tif,Faint Cluster,
NoComment_20230522_F3_Left_6_Day3_211Eggs,NoComment,20230522,F3,Left,6,Day3,211,tif,,
NoComment_20230522_F3_Right_1_Day2_208Eggs,NoComment,20230522,F3,Right,1,Day2,208,tif,,
Comment_20230522_F3_Right_2_Day3_191Eggs,Comment,20230522,F3,Right,2,Day3,193,tif,Count Difference,Two eggs forgotten
NoComment_20230522_F3_Right_3_Day3_124Eggs,NoComment,20230522,F3,Right,3,Day3,124,tif,,
NoComment_20230522_F3_Right_4_Day3_188Eggs,NoComment,20230522,F3,Right,4,Day3,188,tif,,
NoComment_20230522_G1_CloseMaize_1_201Eggs,NoComment,20230522,G1,CloseMaize,1,,201,tif,,
NoComment_20230522_G1_CloseMaize_2_388Eggs,NoComment,20230522,G1,CloseMaize,2,,388,tif,,
NoComment_20230522_G1_CloseMaize_3_431Eggs,NoComment,20230522,G1,CloseMaize,3,,431,tif,,
Comment_20230522_G1_Des_1_122Eggs,Comment,20230522,G1,Des,1,,122,tif,Small Cluster,
Comment_20230522_G1_Maize_1_453Eggs,Comment,20230522,G1,Maize,1,,453,jpg,Big Layer,
Comment_20230522_G1_Maize_2_337Eggs,Comment,20230522,G1,Maize,2,,337,jpg,Small Layer,
Comment_20230522_G1_Maize_3_560Eggs,Comment,20230522,G1,Maize,3,,560,jpg,Big Layer,
NoComment_20230522_G2_CloseMaize_1_Day3_261Eggs,NoComment,20230522,G2,CloseMaize,1,Day3,263,tif,Count Difference,Two eggs forgotten
NoComment_20230522_G2_Des_1_140Eggs,NoComment,20230522,G2,Des,1,,140,tif,,
Comment_20230522_G2_Maize_1_538Eggs,Comment,20230522,G2,Maize,1,,538,tif,Big Cluster,
Comment_20230522_G3_Des_1_215Eggs,Comment,20230522,G3,Des,1,,215,jpg,Big Layer,Big uncertainty
Comment_20230522_G3_Maize_1_513Eggs,Comment,20230522,G3,Maize,1,,513,tif,Small Cluster,
Comment_20230522_G3_Maize_2_558Eggs,Comment,20230522,G3,Maize,2,,558,jpg,Big Layer,Big uncertainty
Comment_20230522_G3_Maize_3_599Eggs,Comment,20230522,G3,Maize,3,,599,tif,Big Layer,
Comment_20230522_H1_Maize_1_Day3_57Eggs,Comment,20230522,H1,Maize,1,Day3,57,tif,Faint Particles,
Comment_20230522_H2_CloseDes_1_448Eggs,Comment,20230522,H2,CloseDes,1,,448,tif,Particles Interfering,
NoComment_20230522_H2_CloseMaize_1_Day2_427Eggs,NoComment,20230522,H2,CloseMaize,1,Day2,427,tif,,
Comment_20230522_H2_Des_1_514Eggs,Comment,20230522,H2,Des,1,,514,tif,Big Layer,
Comment_20230522_H2_Maize_1_618Eggs,Comment,20230522,H2,Maize,1,,618,tif,Small Layer,Concerns 7 eggs
NoComment_20230522_H2_NoDecision_1_294Eggs,NoComment,20230522,H2,NoDecision,1,,294,tif,,
NoComment_20230522_J1_Des_1_Day3_82Eggs,NoComment,20230522,J1,Des,1,Day3,82,tif,,
Comment_20230522_J1_Maize_3_Day1_359Eggs,Comment,20230522,J1,Maize,3,Day1,359,tif,Small Layer,
NoComment_20230522_J1_Maize_4_Day3_110Eggs,NoComment,20230522,J1,Maize,4,Day3,110,tif,,
Comment_20230522_J1_Maize_5_Day3_70Eggs,Comment,20230522,J1,Maize,5,Day3,70,tif,Faint Cluster,
NoComment_20230522_J1_Maize_6_Day3_255Eggs,NoComment,20230522,J1,Maize,6,Day3,255,tif,,
NoComment_20230522_J1_Maize_1-2_Day1_561Eggs,NoComment,20230522,J1,Maize,1-2,Day1,561,tif,,
NoComment_20230522_J1_NoDecision_Day3_518Eggs,NoComment,20230522,J1,NoDecision,,Day3,518,tif,Faint Cluster,
Comment_20230522_J3_CloseDes_1_112Eggs,Comment,20230522,J3,CloseDes,1,,113,tif,Count Difference,One Egg forgotten
Comment_20230522_J3_Maize_1_Day3_507Eggs,Comment,20230522,J3,Maize,1,Day3,507,tif,Big Layer,
Comment_20230522_J3_Maize_2_182Eggs,Comment,20230522,J3,Maize,2,,182,tif,Small Layer,
Comment_20230522_J3_Maize_3_544Eggs,Comment,20230522,J3,Maize,3,,544,tif,Small Layer,
NoComment_20230522_J3_NoDecision_1_590Eggs,NoComment,20230522,J3,NoDecision,1,,590,tif,,
Comment_20230522_K1_Des_1_203Eggs,Comment,20230522,K1,Des,1,,203,tif,Small Cluster,
NoComment_20230522_K1_Des_2_28Eggs,NoComment,20230522,K1,Des,2,,28,tif,,
NoComment_20230522_K1_Des_3_68Eggs,NoComment,20230522,K1,Des,3,,68,tif,,
NoComment_20230522_K1_Des_4_58Eggs,NoComment,20230522,K1,Des,4,,58,tif,,
NoComment_20230522_K1_Des_5_25Eggs,NoComment,20230522,K1,Des,5,,25,tif,,
NoComment_20230522_K1_Des_6_Day3_82Eggs,NoComment,20230522,K1,Des,6,Day3,82,tif,,
NoComment_20230522_K1_Des_7_Day3_45Eggs,NoComment,20230522,K1,Des,7,Day3,45,tif,,
NoComment_20230522_K1_Des_8_Day3_13Eggs,NoComment,20230522,K1,Des,8,Day3,13,tif,,
NoComment_20230522_K1_Des_9_Day3_117Eggs,NoComment,20230522,K1,Des,9,Day3,117,tif,,
NoComment_20230522_K1_Des_10_Day3_72Eggs,NoComment,20230522,K1,Des,10,Day3,72,tif,,
NoComment_20230522_K1_Maize_1_Day2_39Eggs,NoComment,20230522,K1,Maize,1,Day2,39,tif,,
NoComment_20230522_K1_Maize_2_Day2_145Eggs,NoComment,20230522,K1,Maize,2,Day2,145,tif,,
NoComment_20230522_K1_Maize_3_Day2_280Eggs,NoComment,20230522,K1,Maize,3,Day2,281,tif,Count Difference,One egg forgotten
NoComment_20230522_K1_Maize_4_Day2_28Eggs,NoComment,20230522,K1,Maize,4,Day2,28,tif,,
Comment_20230522_K1_Maize_5_Day2_52Eggs,Comment,20230522,K1,Maize,5,Day2,52,tif,Small Layer,
NoComment_20230522_K1_Maize_6_Day2_43Eggs,NoComment,20230522,K1,Maize,6,Day2,43,tif,,
NoComment_20230522_K1_Maize_7_Day2_75Eggs,NoComment,20230522,K1,Maize,7,Day2,75,tif,,
NoComment_20230522_K1_Maize_8_Day2_231Eggs,NoComment,20230522,K1,Maize,8,Day2,231,tif,Faint Cluster,
NoComment_20230522_K1_Maize_9_Day3_159Eggs,NoComment,20230522,K1,Maize,9,Day3,159,tif,,
NoComment_20230522_K1_Maize_10_Day3_131Eggs,NoComment,20230522,K1,Maize,10,Day3,131,tif,,
NoComment_20230522_K1_NoDecision_1_165Eggs,NoComment,20230522,K1,NoDecision,1,,165,tif,,
NoComment_20230522_K1_NoDecision_2_21Eggs,NoComment,20230522,K1,NoDecision,2,,21,tif,,
NoComment_20230522_K2_CloseMaize_Day1_342Eggs,NoComment,20230522,K2,CloseMaize,,Day1,342,tif,Faint Cluster,
NoComment_20230522_K2_Des_1_Day3_71Eggs,NoComment,20230522,K2,Des,1,Day3,71,tif,,
Comment_20230522_K2_Des_2_Day3_16Eggs,Comment,20230522,K2,Des,2,Day3,16,tif,Faint Cluster,
Comment_20230522_K2_Maize_1_Day1_70Eggs,Comment,20230522,K2,Maize,1,Day1,70,tif,Faint Cluster,
NoComment_20230522_K2_Maize_2_Day2_78Eggs,NoComment,20230522,K2,Maize,2,Day2,78,tif,,
Comment_20230522_K2_Maize_3_Day2_198Eggs,Comment,20230522,K2,Maize,3,Day2,198,tif,Faint Cluster,
Comment_20230522_K2_Maize_4_Day3_74Eggs,Comment,20230522,K2,Maize,4,Day3,74,tif,Faint Particles,Artefacts from the camera
NoComment_20230522_K2_Maize_5_Day3_121Eggs,NoComment,20230522,K2,Maize,5,Day3,121,tif,,
NoComment_20230522_K2_Maize_6_Day3_58Eggs,NoComment,20230522,K2,Maize,6,Day3,58,tif,,
NoComment_20230522_K2_NoDecision_Day1_523Eggs,NoComment,20230522,K2,NoDecision,,Day1,523,tif,,
Comment_20230522_K3_Des_1_Day2_104Eggs,Comment,20230522,K3,Des,1,Day2,104,tif,Faint Particles,Image is blurry
Comment_20230522_K3_Des_2_Day2_51Eggs,Comment,20230522,K3,Des,2,Day2,52,tif,Eggs Dried,One Egg forgotten
Comment_20230522_K3_Des_3_Day2_116Eggs,Comment,20230522,K3,Des,3,Day2,116,tif,Small Cluster,
NoComment_20230526_A1_Left_1_129Eggs,NoComment,20230526,A1,Left,1,,129,jpg,,
NoComment_20230526_A1_Left_2_19Eggs,NoComment,20230526,A1,Left,2,,19,jpg,,
NoComment_20230526_A1_Left_3_69Eggs,NoComment,20230526,A1,Left,3,,69,jpg,,
NoComment_20230526_A1_Left_4_90Eggs,NoComment,20230526,A1,Left,4,,90,jpg,,
NoComment_20230526_A1_Left_5_16Eggs,NoComment,20230526,A1,Left,5,,16,jpg,,
NoComment_20230526_A1_Right_1_149Eggs,NoComment,20230526,A1,Right,1,,149,jpg,,
NoComment_20230526_A1_Right_2_52Eggs,NoComment,20230526,A1,Right,2,,52,jpg,,
Comment_20230526_A2_Close_Left_26Eggs,Comment,20230526,A2,CloseLeft,,,26,jpg,Particles Interfering,
NoComment_20230526_A2_CloseRight_18Eggs,NoComment,20230526,A2,CloseRight,,,18,tif,,
NoComment_20230526_A2_Left_316Eggs,NoComment,20230526,A2,Left,,,316,tif,,
Comment_20230526_A2_Right_101Eggs,Comment,20230526,A2,Right,,,101,jpg,Faint Particles,
Comment_20230526_B1_Maize_1_129Eggs,Comment,20230526,B1,Maize,1,,129,jpg,Eggs Dried,
NoComment_20230526_B1_Maize_2_23Eggs,NoComment,20230526,B1,Maize,2,,23,tif,,
NoComment_20230526_B1_Maize_3_64Eggs,NoComment,20230526,B1,Maize,3,,64,tif,,
NoComment_20230526_B2_CloseDes_1_60Eggs,NoComment,20230526,B2,CloseDes,1,,60,jpg,,
NoComment_20230526_B2_CloseDes_2_11Eggs,NoComment,20230526,B2,CloseDes,2,,11,jpg,,
NoComment_20230526_B2_CloseDes_3_114Eggs,NoComment,20230526,B2,CloseDes,3,,114,jpg,,
NoComment_20230526_B2_CloseDes_4_13Eggs,NoComment,20230526,B2,CloseDes,4,,13,tif,,
Comment_20230526_B2_CloseDes_5_21Eggs,Comment,20230526,B2,CloseDes,5,,21,tif,Faint Particles,
NoComment_20230526_B2_CloseDes_6_70Eggs,NoComment,20230526,B2,CloseDes,6,,70,tif,,
NoComment_20230526_D1_Maize_1_92Eggs,NoComment,20230526,D1,Maize,1,,92,tif,,
Comment_20230526_D1_NoDecision_1-2_74Eggs,Comment,20230526,D1,NoDecision,1-2,,74,tif,Particles Interfering,
NoComment_20230526_D2_CloseDes_272Eggs,NoComment,20230526,D2,CloseDes,,,270,tif,Count Difference,Two non-target particle counted
NoComment_20230526_D2_Des_1_76Eggs,NoComment,20230526,D2,Des,1,,76,tif,,
Comment_20230526_D2_Des_2_174Eggs,Comment,20230526,D2,Des,2,,174,tif,Big Layer,
NoComment_20230526_D2_Maize_1_223Eggs,NoComment,20230526,D2,Maize,1,,223,tif,,
NoComment_20230526_D2_NoDecision_388Eggs,NoComment,20230526,D2,NoDecision,,,386,tif,Count Difference,Two non-target particle counted
NoComment_20230526_E1_CloseMaize_207Eggs,NoComment,20230526,E1,CloseMaize,,,207,tif,,
NoComment_20230526_E1_Maize_1_370Eggs,NoComment,20230526,E1,Maize,1,,370,tif,,
NoComment_20230526_E1_Maize_2_41Eggs,NoComment,20230526,E1,Maize,2,,41,tif,,
NoComment_20230526_E1_Maize_3_40Eggs,NoComment,20230526,E1,Maize,3,,40,tif,,
NoComment_20230526_E1_Maize_4_72Eggs,NoComment,20230526,E1,Maize,4,,72,tif,,
NoComment_20230526_E1_NoDecision_189Eggs,NoComment,20230526,E1,NoDecision,,,189,tif,,
NoComment_20230526_E2_Maize_1_285Eggs,NoComment,20230526,E2,Maize,1,,285,tif,,
NoComment_20230526_E2_Maize_2_171Eggs,NoComment,20230526,E2,Maize,2,,171,tif,,
NoComment_20230526_E2_Maize_3_64Eggs,NoComment,20230526,E2,Maize,3,,64,tif,,
NoComment_20230526_E2_Maize_4_81Eggs,NoComment,20230526,E2,Maize,4,,81,tif,,
NoComment_20230526_F2_Maize_1_16Eggs,NoComment,20230526,F2,Maize,1,,16,tif,,
NoComment_20230526_F2_NoDecision_143Eggs,NoComment,20230526,F2,NoDecision,,,143,tif,,
Comment_20230526_F3_Maize_1_252Eggs,Comment,20230526,F3,Maize,1,,252,tif,Larvae Hatched,
NoComment_20230526_F3_Maize_2_146Eggs,NoComment,20230526,F3,Maize,2,,146,tif,,
NoComment_20230526_F3_Maize_3_58Eggs,NoComment,20230526,F3,Maize,3,,58,tif,,
NoComment_20230526_F3_Maize_4_66Eggs,NoComment,20230526,F3,Maize,4,,66,tif,,
NoComment_20230526_G1_Maize_1_109Eggs,NoComment,20230526,G1,Maize,1,,109,tif,,
NoComment_20230526_G1_NoDecision_216Eggs,NoComment,20230526,G1,NoDecision,,,217,tif,Count Difference,One egg forgotten
NoComment_20230526_G2_CloseDes_140Eggs,NoComment,20230526,G2,CloseDes,,,140,tif,,
Comment_20230526_G3_CloseDes_1_468Eggs,Comment,20230526,G3,CloseDes,1,,467,tif,Count Difference,One non-target particle counted
Comment_20230526_G3_CloseDes_2_229Eggs,Comment,20230526,G3,CloseDes,2,,229,tif,Larvae Hatched,
Comment_20230526_G3_CloseDes_3_179Eggs,Comment,20230526,G3,CloseDes,3,,179,tif,Larvae Hatched,
Comment_20230526_G3_Des_1_606Eggs,Comment,20230526,G3,Des,1,,606,tif,Big Cluster,
NoComment_20230526_G3_Des_2_110Eggs,NoComment,20230526,G3,Des,2,,110,tif,,
NoComment_20230526_G3_Maize_1_529Eggs,NoComment,20230526,G3,Maize,1,,529,tif,Cluster,
Comment_20230526_G3_Maize_2_461Eggs,Comment,20230526,G3,Maize,2,,461,tif,Small Cluster,
Comment_20230526_H1_Maize_1_493Eggs,Comment,20230526,H1,Maize,1,,493,tif,Small Cluster,
Comment_20230526_H1_Maize_2_742Eggs,Comment,20230526,H1,Maize,2,,742,tif,Big Layer,
NoComment_20230526_H2_Maize_173Eggs,NoComment,20230526,H2,Maize,,,173,tif,,
Comment_20230526_H2_NoDecision_235Eggs,Comment,20230526,H2,NoDecision,,,233,tif,Larvae Hatched,Two larvae unintentionally counted double
NoComment_20230526_H3_CloseDes_54Eggs,NoComment,20230526,H3,CloseDes,,,54,tif,,
NoComment_20230526_H3_CloseMaize_1_144Eggs,NoComment,20230526,H3,CloseMaize,1,,144,tif,,
NoComment_20230526_H3_CloseMaize_2_220Eggs,NoComment,20230526,H3,CloseMaize,2,,220,tif,,
Comment_20230526_H3_Maize_1_137Eggs,Comment,20230526,H3,Maize,1,,137,tif,Small Layer,5 eggs were counted x2
NoComment_20230526_H3_Maize_2_400Eggs,NoComment,20230526,H3,Maize,2,,400,tif,,
Comment_20230526_H3_Maize_3_375Eggs,Comment,20230526,H3,Maize,3,,375,tif,Small Layer,
NoComment_20230526_H3_NoDecision_228Eggs,NoComment,20230526,H3,NoDecision,,,228,tif,,
Comment_20230526_J1_Left_1_576Eggs,Comment,20230526,J1,Left,1,,576,tif,Small Layer,
Comment_20230526_J1_Left_2_579Eggs,Comment,20230526,J1,Left,2,,577,tif,Big Cluster,Two counts don't belong to eggs
NoComment_20230526_J1_Right_1_297Eggs,NoComment,20230526,J1,Right,1,,297,tif,,
NoComment_20230526_J2_Left_111Eggs,NoComment,20230526,J2,Left,,,111,tif,,
Comment_20230526_J2_Right_11Eggs,Comment,20230526,J2,Right,,,11,tif,Faint Particles,
Comment_20230526_J3_Right_78Eggs,Comment,20230526,J3,Right,,,78,tif,Small Layer,
NoComment_20230526_K1_CloseDes_35Eggs,NoComment,20230526,K1,CloseDes,,,35,tif,,
Comment_20230526_K1_Des_133Eggs,Comment,20230526,K1,Des,,,133,tif,Larvae Hatched,
Comment_20230526_K1_NoDecision_302Eggs,Comment,20230526,K1,NoDecision,,,302,tif,Larvae Hatched,
NoComment_20230526_K2_CloseDes_108Eggs,NoComment,20230526,K2,CloseDes,,,108,tif,,
NoComment_20230526_K2_Des_1_46Eggs,NoComment,20230526,K2,Des,1,,46,tif,,
NoComment_20230526_K2_Des_2_216Eggs,NoComment,20230526,K2,Des,2,,216,tif,,
NoComment_20230526_K2_Maize_1_194Eggs,NoComment,20230526,K2,Maize,1,,194,tif,,
NoComment_20230526_K2_Maize_3_433Eggs,NoComment,20230526,K2,Maize,3,,433,tif,,
NoComment_20230526_K2_Maize_2a_547Eggs,NoComment,20230526,K2,Maize,2a,,547,tif,,
NoComment_20230526_K2_NoDecision_461Eggs,NoComment,20230526,K2,NoDecision,,,461,tif,,
NoComment_20230526_K3_CloseDes_1-2_157Eggs,NoComment,20230526,K3,CloseDes,1-2,,157,tif,,
NoComment_20230526_K3_CloseDes_3-5_87Eggs,NoComment,20230526,K3,CloseDes,3-5,,87,tif,,
NoComment_20230526_K3_Des_1_19Eggs,NoComment,20230526,K3,Des,1,,19,tif,,
NoComment_20230526_K3_Des_2_152Eggs,NoComment,20230526,K3,Des,2,,152,tif,,
NoComment_20230526_K3_Des_3_23Eggs,NoComment,20230526,K3,Des,3,,23,tif,,
NoComment_20230526_K3_Des_4_65Eggs,NoComment,20230526,K3,Des,4,,65,tif,,
NoComment_20230526_K3_Des_5_33Eggs,NoComment,20230526,K3,Des,5,,33,tif,,
NoComment_20230526_K3_Des_6_80Eggs,NoComment,20230526,K3,Des,6,,80,tif,,
Comment_20230526_K3_Des_7_38Eggs,Comment,20230526,K3,Des,7,,38,tif,Small Layer,3 eggs were counted x2
NoComment_20230526_K3_Des_8_234Eggs,NoComment,20230526,K3,Des,8,,234,tif,,
NoComment_20230526_K3_Des_9_26Eggs,NoComment,20230526,K3,Des,9,,26,tif,,
NoComment_20230526_K3_Des_10_68Eggs,NoComment,20230526,K3,Des,10,,68,tif,,
NoComment_20230526_K3_Des_11_79Eggs,NoComment,20230526,K3,Des,11,,79,tif,,
NoComment_20230526_K3_Des_12_41Eggs,NoComment,20230526,K3,Des,12,,41,tif,,
NoComment_20230526_K3_Maize_1_30Eggs,NoComment,20230526,K3,Maize,1,,30,tif,,
NoComment_20230526_K3_Maize_2_252Eggs,NoComment,20230526,K3,Maize,2,,252,tif,,
NoComment_20230526_K3_Maize_3_51Eggs,NoComment,20230526,K3,Maize,3,,51,tif,,
NoComment_20230526_K3_Maize_4_28Eggs,NoComment,20230526,K3,Maize,4,,28,tif,,
NoComment_20230526_K3_Maize_5_71Eggs,NoComment,20230526,K3,Maize,5,,71,tif,,
NoComment_20230526_K3_Maize_6_194Eggs,NoComment,20230526,K3,Maize,6,,195,tif,Count Difference,One egg forgotten
NoComment_20230527_C2_Des_1_125Eggs,NoComment,20230527,C2,Des,1,,125,tif,,
NoComment_20230527_C2_Des_2_117Eggs,NoComment,20230527,C2,Des,2,,117,tif,,
NoComment_20230527_C2_Des_3_50Eggs,NoComment,20230527,C2,Des,3,,50,tif,,
NoComment_20230527_C2_Des_4_179Eggs,NoComment,20230527,C2,Des,4,,179,tif,,
NoComment_20230527_C2_Des_5_66Eggs,NoComment,20230527,C2,Des,5,,66,tif,,
NoComment_20230527_C2_Des_6_141Eggs,NoComment,20230527,C2,Des,6,,141,tif,,
NoComment_20230602_F1_CloseDes_1_218Eggs,NoComment,20230602,F1,CloseDes,1,,218,tif,,
NoComment_20230602_F1_CloseDes_2_217Eggs,NoComment,20230602,F1,CloseDes,2,,217,tif,Particles Interfering,
NoComment_20230602_F1_CloseDes_3_229Eggs,NoComment,20230602,F1,CloseDes,3,,229,tif,Faint Cluster,
NoComment_20230602_F1_Des_1_20Eggs,NoComment,20230602,F1,Des,1,,20,tif,,
NoComment_20230602_F1_Des_2_242Eggs,NoComment,20230602,F1,Des,2,,242,tif,,
Comment_20230602_F1_Maize_1_35Eggs,Comment,20230602,F1,Maize,1,,35,tif,Faint Cluster,
NoComment_20230602_F1_Maize_2_217Eggs,NoComment,20230602,F1,Maize,2,,217,tif,,
NoComment_20230602_F1_Maize_3_188Eggs,NoComment,20230602,F1,Maize,3,,188,tif,,
NoComment_20230602_F1_Maize_4_66Eggs,NoComment,20230602,F1,Maize,4,,66,tif,,
NoComment_20230602_F1_Maize_5_28Eggs,NoComment,20230602,F1,Maize,5,,28,tif,,
Comment_20230602_F1_NoDecision_1_449Eggs,Comment,20230602,F1,NoDecision,1,,448,tif,Count Difference,One non-target particle counted
NoComment_20230602_F1_NoDecision_2_110Eggs,NoComment,20230602,F1,NoDecision,2,,110,tif,,
NoComment_20230602_F2_CloseMaize_1_83Eggs,NoComment,20230602,F2,CloseMaize,1,,83,tif,,
NoComment_20230602_F2_Des_1_138Eggs,NoComment,20230602,F2,Des,1,,138,tif,,
NoComment_20230602_F2_Des_2_206Eggs,NoComment,20230602,F2,Des,2,,206,tif,,
Comment_20230602_F2_Des_3_131Eggs,Comment,20230602,F2,Des,3,,131,tif,Particles Interfering,
NoComment_20230602_F2_Des_4_150Eggs,NoComment,20230602,F2,Des,4,,150,tif,,
NoComment_20230602_F2_Des_5_321Eggs,NoComment,20230602,F2,Des,5,,321,tif,,
NoComment_20230602_F2_Des_6_222Eggs,NoComment,20230602,F2,Des,6,,222,tif,Particles Interfering,
NoComment_20230602_F2_Maize_1_263Eggs,NoComment,20230602,F2,Maize,1,,263,tif,,
Comment_20230602_F2_Maize_2_76Eggs,Comment,20230602,F2,Maize,2,,76,tif,Faint Cluster,
NoComment_20230602_F2_Maize_3_136Eggs,NoComment,20230602,F2,Maize,3,,136,tif,,
Comment_20230602_F2_NoDecision_268Eggs,Comment,20230602,F2,NoDecision,,,268,tif,Particles Interfering,
NoComment_20230602_F3_CloseDes_1_47Eggs,NoComment,20230602,F3,CloseDes,1,,47,tif,,
NoComment_20230602_F3_Des_1_42Eggs,NoComment,20230602,F3,Des,1,,42,tif,,
NoComment_20230602_F3_Des_2_54Eggs,NoComment,20230602,F3,Des,2,,54,tif,,
NoComment_20230602_F3_Des_3_53Eggs,NoComment,20230602,F3,Des,3,,53,tif,,
NoComment_20230602_F3_Des_4_42Eggs,NoComment,20230602,F3,Des,4,,42,tif,,
NoComment_20230602_F3_Des_5_41Eggs,NoComment,20230602,F3,Des,5,,41,tif,,
NoComment_20230602_F3_Des_6_219Eggs,NoComment,20230602,F3,Des,6,,219,tif,,
Comment_20230602_G1_Des_1_159Eggs,Comment,20230602,G1,Des,1,,159,tif,Faint Cluster,
NoComment_20230602_G1_Des_2_395Eggs,NoComment,20230602,G1,Des,2,,395,tif,,
NoComment_20230602_G1_Maize_1_237Eggs,NoComment,20230602,G1,Maize,1,,237,tif,,
NoComment_20230602_G1_Maize_2_200Eggs,NoComment,20230602,G1,Maize,2,,200,tif,,
Comment_20230602_G1_NoDecision_1_52Eggs,Comment,20230602,G1,NoDecision,1,,52,tif,Faint Particles,
Comment_20230602_G2_Des_1_319Eggs,Comment,20230602,G2,Des,1,,319,tif,Small Cluster,
Comment_20230602_G2_Des_2_350Eggs,Comment,20230602,G2,Des,2,,350,tif,Count Difference,"One egg is cut at the upper rim of the photograph, more eggs could be invisible"
NoComment_20230602_G2_Maize_1_318Eggs,NoComment,20230602,G2,Maize,1,,318,tif,,
NoComment_20230602_G3_Maize_15Eggs,NoComment,20230602,G3,Maize,,,15,tif,,
Comment_20230602_G3_NoDecision_23Eggs,Comment,20230602,G3,NoDecision,,,23,tif,Faint Cluster,
NoComment_20230602_H1_CloseRight_1_436Eggs,NoComment,20230602,H1,CloseRight,1,,436,tif,,
NoComment_20230602_H1_NoDecision_1_444Eggs,NoComment,20230602,H1,NoDecision,1,,444,tif,,
Comment_20230602_H1_Right_1_80Eggs,Comment,20230602,H1,Right,1,,80,tif,Faint Cluster,
Comment_20230602_H1_Right_2_464Eggs,Comment,20230602,H1,Right,2,,464,tif,Faint Particles,
Comment_20230602_H1_Right_3_348Eggs,Comment,20230602,H1,Right,3,,348,tif,Faint Cluster,
NoComment_20230602_H2_CloseLeft_1_278Eggs,NoComment,20230602,H2,CloseLeft,1,,278,tif,,
Comment_20230602_H2_CloseLeft_2_37Eggs,Comment,20230602,H2,CloseLeft,2,,37,tif,Faint Cluster,
NoComment_20230602_H2_Left_1_42Eggs,NoComment,20230602,H2,Left,1,,42,tif,,
NoComment_20230602_H2_Left_2_94Eggs,NoComment,20230602,H2,Left,2,,94,tif,,
NoComment_20230602_H2_Left_3_77Eggs,NoComment,20230602,H2,Left,3,,77,tif,,
NoComment_20230602_H2_Left_6_19Eggs,NoComment,20230602,H2,Left,6,,19,tif,,
NoComment_20230602_H2_Left_7_62Eggs,NoComment,20230602,H2,Left,7,,62,tif,,
NoComment_20230602_H2_Left_8_116Eggs,NoComment,20230602,H2,Left,8,,116,tif,,
Comment_20230602_H2_Left_9_215Eggs,Comment,20230602,H2,Left,9,,215,tif,Faint Particles,
NoComment_20230602_H2_Left_10_279Eggs,NoComment,20230602,H2,Left,10,,279,tif,,
Comment_20230602_H2_Left_4-5_242Eggs,Comment,20230602,H2,Left,4-5,,242,tif,Faint Particles,
NoComment_20230602_H2_Right_1_44Eggs,NoComment,20230602,H2,Right,1,,44,tif,Faint Particles,
NoComment_20230602_H2_Right_2_43Eggs,NoComment,20230602,H2,Right,2,,43,tif,,
Comment_20230602_H2_Right_3_171Eggs,Comment,20230602,H2,Right,3,,171,tif,Faint Cluster,
Comment_20230602_H2_Right_4_144Eggs,Comment,20230602,H2,Right,4,,144,tif,Faint Particles,
Comment_20230602_H2_Right_5_99Eggs,Comment,20230602,H2,Right,5,,99,tif,Faint Particles,
NoComment_20230602_H2_Right_6_360Eggs,NoComment,20230602,H2,Right,6,,360,tif,Faint Cluster,
Comment_20230602_H2_Right_7_159Eggs,Comment,20230602,H2,Right,7,,159,tif,Faint Cluster,
NoComment_20230602_H2_Right_8_456Eggs,NoComment,20230602,H2,Right,8,,456,tif,,
Comment_20230602_H2_Right_9_297Eggs,Comment,20230602,H2,Right,9,,297,tif,Faint Particles,
NoComment_20230602_H2_Right_10_30Eggs,NoComment,20230602,H2,Right,10,,30,tif,,
NoComment_20230602_H2_Right_11_97Eggs,NoComment,20230602,H2,Right,11,,97,tif,,
NoComment_20230602_H2_Right_12_30Eggs,NoComment,20230602,H2,Right,12,,30,tif,,
NoComment_20230602_H3_CloseLeft_335Eggs,NoComment,20230602,H3,CloseLeft,,,337,tif,Count Difference,Two eggs were forgotten
Comment_20230602_H3_Left_1_149Eggs,Comment,20230602,H3,Left,1,,149,tif,Faint Particles,
NoComment_20230602_H3_Left_2_154Eggs,NoComment,20230602,H3,Left,2,,154,tif,,
NoComment_20230602_H3_Left_3_129Eggs,NoComment,20230602,H3,Left,3,,129,tif,,
NoComment_20230602_H3_Left_4_44Eggs,NoComment,20230602,H3,Left,4,,44,tif,,
Comment_20230602_H3_Left_5_112Eggs,Comment,20230602,H3,Left,5,,112,tif,Faint Cluster,
NoComment_20230602_H3_Left_6_47Eggs,NoComment,20230602,H3,Left,6,,47,tif,,
NoComment_20230602_H3_Left_7_322Eggs,NoComment,20230602,H3,Left,7,,322,tif,,
NoComment_20230602_H3_Left_8_116Eggs,NoComment,20230602,H3,Left,8,,116,tif,,
NoComment_20230602_H3_Left_9_61Eggs,NoComment,20230602,H3,Left,9,,61,tif,,
NoComment_20230602_H3_Left_10_115Eggs,NoComment,20230602,H3,Left,10,,115,tif,,
Comment_20230602_H3_Left_11_127Eggs,Comment,20230602,H3,Left,11,,127,tif,Small Cluster,
Comment_20230602_H3_NoDecision_1_76Eggs,Comment,20230602,H3,NoDecision,1,,76,tif,Faint Particles,
NoComment_20230602_H3_NoDecision_2_120Eggs,NoComment,20230602,H3,NoDecision,2,,120,tif,,
Comment_20230602_H3_NoDecision_3-5_269Eggs,Comment,20230602,H3,NoDecision,3-5,,269,tif,Faint Particles,
NoComment_20230602_H3_Right_1_149Eggs,NoComment,20230602,H3,Right,1,,149,tif,,
Comment_20230602_H3_Right_2_88Eggs,Comment,20230602,H3,Right,2,,88,tif,Faint Particles,7 eggs might not be eggs
NoComment_20230602_H3_Right_3_217Eggs,NoComment,20230602,H3,Right,3,,217,tif,,
NoComment_20230602_J1_CloseMaize_1-4_61Eggs,NoComment,20230602,J1,CloseMaize,1-4,,61,tif,,
NoComment_20230602_J1_Maize_1-2_90Eggs,NoComment,20230602,J1,Maize,1-2,,90,tif,,
Comment_20230602_J1_Maize_3-4_520Eggs,Comment,20230602,J1,Maize,3-4,,520,tif,Small Cluster,
Comment_20230602_J1_Maize_5-9_196Eggs,Comment,20230602,J1,Maize,5-9,,196,tif,Small Cluster,
NoComment_20230602_J2_CloseMaize_1_169Eggs,NoComment,20230602,J2,CloseMaize,1,,169,tif,,
NoComment_20230602_J2_Des_1_83Eggs,NoComment,20230602,J2,Des,1,,83,tif,,
Comment_20230602_J2_Maize_1_456Eggs,Comment,20230602,J2,Maize,1,,456,tif,Small Cluster,
Comment_20230602_J2_Maize_2-3_267Eggs,Comment,20230602,J2,Maize,2-3,,267,tif,Big Layer,
Comment_20230602_J2_Maize_4-5_330Eggs,Comment,20230602,J2,Maize,4-5,,330,tif,Small Cluster,
Comment_20230602_J2_Maize_6-7_195Eggs,Comment,20230602,J2,Maize,6-7,,195,tif,Big Cluster,
Comment_20230602_J2_Maize_8-9_424Eggs,Comment,20230602,J2,Maize,8-9,,424,tif,Small Cluster,
Comment_20230602_J2_Maize_10-12_323Eggs,Comment,20230602,J2,Maize,10-12,,323,tif,Big Cluster,
NoComment_20230602_J2_Maize_13-15_202Eggs,NoComment,20230602,J2,Maize,13-15,,202,tif,,
Comment_20230602_J3_NoDecision_1_155Eggs,Comment,20230602,J3,NoDecision,1,,155,tif,Faint Cluster,
NoComment_20230602_J3_NoDecision_2_126Eggs,NoComment,20230602,J3,NoDecision,2,,126,tif,Faint Particles,
NoComment_20230602_J3_NoDecision_4_110Eggs,NoComment,20230602,J3,NoDecision,4,,110,tif,Faint Particles,
NoComment_20230602_K1_NoDecision_1_146Eggs,NoComment,20230602,K1,NoDecision,1,,146,tif,,
NoComment_20230602_K2_Maize_22Eggs,NoComment,20230602,K2,Maize,,,22,tif,,
Comment_20230602_K3_NoDecision_1_21Eggs,Comment,20230602,K3,NoDecision,1,,21,tif,Faint Particles,
Comment_20230602_K3_NoDecision_2_55Eggs,Comment,20230602,K3,NoDecision,2,,55,tif,Faint Particles,
Comment_20230602_K3_NoDecision_3_43Eggs,Comment,20230602,K3,NoDecision,3,,43,tif,Faint Particles,
NoComment_20230607_A1_Des_20Eggs,NoComment,20230607,A1,Des,,,20,tif,Faint Cluster,
Comment_20230607_A1_Maize_8Eggs,Comment,20230607,A1,Maize,,,8,tif,Faint Cluster,Could be counted as 0
NoComment_20230607_A1_NoDecision_1_235Eggs,NoComment,20230607,A1,NoDecision,1,,235,tif,,
Comment_20230607_A1_NoDecision_2_94Eggs,Comment,20230607,A1,NoDecision,2,,94,tif,Faint Particles,
NoComment_20230607_A1_NoDecision_3_13Eggs,NoComment,20230607,A1,NoDecision,3,,13,tif,,
Comment_20230607_A1_NoDecision_4_43Eggs,Comment,20230607,A1,NoDecision,4,,43,tif,Faint Particles,
NoComment_20230607_A1_NoDecision_5_37Eggs,NoComment,20230607,A1,NoDecision,5,,37,tif,Particles Interfering,
NoComment_20230607_A2_Des_1_72Eggs,NoComment,20230607,A2,Des,1,,72,tif,,
NoComment_20230607_A2_Des_2_47Eggs,NoComment,20230607,A2,Des,2,,47,tif,,
NoComment_20230607_A2_Maize_4_129Eggs,NoComment,20230607,A2,Maize,4,,129,tif,,
NoComment_20230607_A2_Maize_1-3_39Eggs,NoComment,20230607,A2,Maize,1-3,,39,tif,,
NoComment_20230607_A2_NoDecision_1_607Eggs,NoComment,20230607,A2,NoDecision,1,,607,tif,,
Comment_20230607_A2_NoDecision_2_354Eggs,Comment,20230607,A2,NoDecision,2,,354,tif,Faint Cluster,
NoComment_20230607_B1_CloseRight_1-2_341Eggs,NoComment,20230607,B1,CloseRight,1-2,,341,tif,,
NoComment_20230607_B1_Left_1_86Eggs,NoComment,20230607,B1,Left,1,,86,tif,Faint Cluster,
NoComment_20230607_B1_Left_2-3_185Eggs,NoComment,20230607,B1,Left,2-3,,185,tif,,
NoComment_20230607_B1_Right_2_197Eggs,NoComment,20230607,B1,Right,2,,197,tif,,
NoComment_20230607_B1_Right_3_157Eggs,NoComment,20230607,B1,Right,3,,157,tif,,
NoComment_20230607_B1_Right_4-5_174Eggs,NoComment,20230607,B1,Right,4-5,,174,tif,,
Comment_20230607_B1_Right_6-7_605Eggs,Comment,20230607,B1,Right,6-7,,605,tif,Small Layer,
NoComment_20230607_B1_Right_8-9_158Eggs,NoComment,20230607,B1,Right,8-9,,158,tif,,
NoComment_20230607_B1_Right_1a_169Eggs,NoComment,20230607,B1,Right,1a,,169,tif,,
Comment_20230607_B1_Right_1b_306Eggs,Comment,20230607,B1,Right,1b,,306,tif,Faint Particles,
NoComment_20230607_B2_CloseLeft_3_383Eggs,NoComment,20230607,B2,CloseLeft,3,,383,tif,,
NoComment_20230607_B2_CloseLeft_4_85Eggs,NoComment,20230607,B2,CloseLeft,4,,85,tif,,
NoComment_20230607_B2_CloseLeft_1-2_133Eggs,NoComment,20230607,B2,CloseLeft,1-2,,133,tif,,
NoComment_20230607_B2_CloseRight_1a_317Eggs,NoComment,20230607,B2,CloseRight,1a,,317,tif,,
NoComment_20230607_B2_CloseRight_1b_78Eggs,NoComment,20230607,B2,CloseRight,1b,,78,tif,,
Comment_20230607_B2_Left_1_381Eggs,Comment,20230607,B2,Left,1,,381,tif,Big Cluster,
NoComment_20230607_B2_NoDecision_2_140Eggs,NoComment,20230607,B2,NoDecision,2,,140,tif,,
NoComment_20230607_B2_NoDecision_1a_9Eggs,NoComment,20230607,B2,NoDecision,1a,,9,tif,,
NoComment_20230607_B2_NoDecision_1b_142Eggs,NoComment,20230607,B2,NoDecision,1b,,142,tif,,
NoComment_20230607_B2_Right_1_428Eggs,NoComment,20230607,B2,Right,1,,428,jpg,,
NoComment_20230607_B2_Right_2_203Eggs,NoComment,20230607,B2,Right,2,,203,tif,,
Comment_20230607_B2_Right_4-5_85Eggs,Comment,20230607,B2,Right,4-5,,85,tif,Particles Interfering,
NoComment_20230607_B2_Right_6-8_135Eggs,NoComment,20230607,B2,Right,6-8,,135,tif,,
NoComment_20230607_B2_Right_3a_24Eggs,NoComment,20230607,B2,Right,3a,,24,tif,Faint Cluster,
NoComment_20230607_B2_Right_3b_383Eggs,NoComment,20230607,B2,Right,3b,,383,tif,,
Comment_20230607_C1_Maize_1_268Eggs,Comment,20230607,C1,Maize,1,,268,tif,Small Cluster,
Comment_20230607_C1_Maize_2_77Eggs,Comment,20230607,C1,Maize,2,,77,tif,Faint Particles,
Comment_20230607_C1_Maize_3_28Eggs,NoComment,20230607,C1,Maize,3,,28,tif,,
NoComment_20230607_C1_Maize_4_42Eggs,Comment,20230607,C1,Maize,4,,42,tif,Particles Interfering,
NoComment_20230607_C1_Maize_6_141Eggs,NoComment,20230607,C1,Maize,6,,141,tif,Faint Cluster,
Comment_20230607_C1_Maize_8_132Eggs,Comment,20230607,C1,Maize,8,,132,tif,Faint Cluster,
Comment_20230607_C1_Maize_9_401Eggs,Comment,20230607,C1,Maize,9,,401,tif,Faint Particles,
NoComment_20230607_C1_Maize_10_477Eggs,NoComment,20230607,C1,Maize,10,,477,tif,,
NoComment_20230607_C1_Maize_11_76Eggs,NoComment,20230607,C1,Maize,11,,76,tif,,
NoComment_20230607_C1_Maize_12_16Eggs,NoComment,20230607,C1,Maize,12,,16,tif,,
Comment_20230607_C1_Maize_5&7_45Eggs,Comment,20230607,C1,Maize,5&7,,45,tif,Faint Particles,
NoComment_20230607_C2_Des_1_112Eggs,NoComment,20230607,C2,Des,1,,112,tif,,
NoComment_20230607_C2_Des_2_110Eggs,NoComment,20230607,C2,Des,2,,110,tif,,
NoComment_20230607_C2_Maize_1_113Eggs,NoComment,20230607,C2,Maize,1,,113,tif,,
NoComment_20230607_C2_Maize_2_39Eggs,NoComment,20230607,C2,Maize,2,,39,tif,,
NoComment_20230607_C2_Maize_3_9Eggs,NoComment,20230607,C2,Maize,3,,9,tif,,
NoComment_20230607_C2_Maize_5_8Eggs,NoComment,20230607,C2,Maize,5,,8,tif,,
Comment_20230607_C2_Maize_6_143Eggs,Comment,20230607,C2,Maize,6,,143,tif,Big Layer,
NoComment_20230607_C2_Maize_7_39Eggs,NoComment,20230607,C2,Maize,7,,39,tif,,
NoComment_20230607_C2_Maize_4a_76Eggs,NoComment,20230607,C2,Maize,4a,,76,tif,,
Comment_20230607_C2_Maize_4b_188Eggs,Comment,20230607,C2,Maize,4b,,188,tif,Faint Particles,
NoComment_20230607_C2_NoDecision_1_31Eggs,NoComment,20230607,C2,NoDecision,1,,31,tif,,
Comment_20230607_D1_Des_1_165Eggs,Comment,20230607,D1,Des,1,,165,tif,Faint Particles,
Comment_20230607_D1_Des_2_169Eggs,Comment,20230607,D1,Des,2,,169,tif,Small Layer,
NoComment_20230607_D1_Des_3_136Eggs,NoComment,20230607,D1,Des,3,,136,tif,,
NoComment_20230607_D1_Maize_1_70Eggs,NoComment,20230607,D1,Maize,1,,70,tif,,
NoComment_20230607_D1_Maize_2_161Eggs,NoComment,20230607,D1,Maize,2,,161,tif,,
NoComment_20230607_D1_Maize_3_100Eggs,NoComment,20230607,D1,Maize,3,,100,tif,,
NoComment_20230607_D1_Maize_4_149Eggs,NoComment,20230607,D1,Maize,4,,149,tif,,
Comment_20230607_D1_Maize_5_163Eggs,Comment,20230607,D1,Maize,5,,163,tif,Small Layer,
NoComment_20230607_D1_Maize_6_83Eggs,NoComment,20230607,D1,Maize,6,,83,tif,,
NoComment_20230607_D1_Maize_7_26Eggs,NoComment,20230607,D1,Maize,7,,26,tif,,
NoComment_20230607_D1_Maize_8_35Eggs,NoComment,20230607,D1,Maize,8,,35,tif,,
NoComment_20230607_D1_Maize_9_166Eggs,NoComment,20230607,D1,Maize,9,,166,tif,,
NoComment_20230607_D1_NoDecision_1_60Eggs,NoComment,20230607,D1,NoDecision,1,,60,tif,,
NoComment_20230607_D2_CloseMaize_1_39Eggs,NoComment,20230607,D2,CloseMaize,1,,39,tif,,
NoComment_20230607_D2_Des_1_170Eggs,NoComment,20230607,D2,Des,1,,170,tif,,
Comment_20230607_D2_Maize_1_91Eggs,Comment,20230607,D2,Maize,1,,91,tif,Faint Particles,
Comment_20230607_D2_NoDecision_1_40Eggs,Comment,20230607,D2,NoDecision,1,,41,tif,Count Difference,"One egg at the edge of the paper, which could mean that more eggs could have been cut."
NoComment_20230607_D2_NoDecision_2_2Eggs,NoComment,20230607,D2,NoDecision,2,,2,tif,,
NoComment_20230607_D2_NoDecision_3_117Eggs,NoComment,20230607,D2,NoDecision,3,,117,tif,,
NoComment_20230607_E1_Des_1_571Eggs,NoComment,20230607,E1,Des,1,,573,tif,Count Difference,Two eggs forgotten
Comment_20230607_E1_Maize_1_227Eggs,Comment,20230607,E1,Maize,1,,227,tif,Faint Cluster,
NoComment_20230607_E1_Maize_2_29Eggs,NoComment,20230607,E1,Maize,2,,29,tif,,
NoComment_20230607_E1_Maize_3_243Eggs,NoComment,20230607,E1,Maize,3,,243,tif,,
NoComment_20230607_E1_Maize_4_79Eggs,NoComment,20230607,E1,Maize,4,,79,tif,,
NoComment_20230607_E1_Maize_5_37Eggs,NoComment,20230607,E1,Maize,5,,37,tif,,
NoComment_20230607_E1_Maize_6_117Eggs,NoComment,20230607,E1,Maize,6,,117,tif,,
NoComment_20230607_E1_Maize_7_29Eggs,NoComment,20230607,E1,Maize,7,,29,tif,Faint Cluster,
NoComment_20230607_E1_Maize_8_51Eggs,NoComment,20230607,E1,Maize,8,,51,tif,,
NoComment_20230607_E1_NoDecision_1_191Eggs,NoComment,20230607,E1,NoDecision,1,,191,tif,,
NoComment_20230607_E2_Maize_1_87Eggs,NoComment,20230607,E2,Maize,1,,87,tif,,
NoComment_20230607_E2_Maize_2_191Eggs,NoComment,20230607,E2,Maize,2,,191,tif,,
NoComment_20230607_E2_NoDecision_1_140Eggs,NoComment,20230607,E2,NoDecision,1,,140,tif,,
NoComment_20230607_E2_NoDecision_2_52Eggs,NoComment,20230607,E2,NoDecision,2,,52,tif,,
Comment_20230607_E2_NoDecision_3_451Eggs,Comment,20230607,E2,NoDecision,3,,451,tif,Faint Cluster,
Comment_20230607_F1_CloseMaize_1_286Eggs,Comment,20230607,F1,CloseMaize,1,,286,tif,Faint Cluster,Up to 50 eggs could be counted additionally
NoComment_20230607_F1_CloseMaize_4_77Eggs,NoComment,20230607,F1,CloseMaize,4,,77,tif,,
NoComment_20230607_F1_CloseMaize_5_22Eggs,NoComment,20230607,F1,CloseMaize,5,,22,tif,,
NoComment_20230607_F1_CloseMaize_8_41Eggs,NoComment,20230607,F1,CloseMaize,8,,43,tif,Faint Cluster,Two eggs forgotten
NoComment_20230607_F1_CloseMaize_2-3_148Eggs,NoComment,20230607,F1,CloseMaize,2-3,,148,tif,,
NoComment_20230607_F1_CloseMaize_6-7_213Eggs,NoComment,20230607,F1,CloseMaize,6-7,,213,tif,,
Comment_20230607_F1_Des_1_79Eggs,Comment,20230607,F1,Des,1,,79,tif,Small Cluster,
Comment_20230607_F1_Des_2_159Eggs,Comment,20230607,F1,Des,2,,159,tif,Small Cluster,
NoComment_20230607_F1_Maize_1_37Eggs,NoComment,20230607,F1,Maize,1,,37,tif,,
NoComment_20230607_F1_Maize_2_42Eggs,NoComment,20230607,F1,Maize,2,,42,tif,,
NoComment_20230607_F1_Maize_3_23Eggs,NoComment,20230607,F1,Maize,3,,23,tif,,
Comment_20230607_F1_Maize_4_87Eggs,Comment,20230607,F1,Maize,4,,87,tif,Small Cluster,
NoComment_20230607_F1_Maize_5_34Eggs,NoComment,20230607,F1,Maize,5,,34,tif,,
NoComment_20230607_F1_Maize_6_122Eggs,NoComment,20230607,F1,Maize,6,,122,tif,Faint Cluster,
NoComment_20230607_F1_Maize_7_50Eggs,NoComment,20230607,F1,Maize,7,,50,tif,,
NoComment_20230607_F1_Maize_8_34Eggs,NoComment,20230607,F1,Maize,8,,34,tif,,
NoComment_20230607_F1_Maize_9_40Eggs,NoComment,20230607,F1,Maize,9,,40,tif,,
Comment_20230607_F1_Maize_10_301Eggs,Comment,20230607,F1,Maize,10,,301,tif,Count Difference,Particle in the lower end of the batch could be eggs or an ant
NoComment_20230607_F1_Maize_11_64Eggs,NoComment,20230607,F1,Maize,11,,64,tif,,
Comment_20230607_F1_NoDecision_1_96Eggs,Comment,20230607,F1,NoDecision,1,,96,tif,Faint Particles,
Comment_20230607_F1_NoDecision_2_189Eggs,Comment,20230607,F1,NoDecision,2,,189,tif,Faint Cluster,
NoComment_20230607_F2_CloseMaize_1_357Eggs,NoComment,20230607,F2,CloseMaize,1,,357,tif,,
Comment_20230607_F2_CloseMaize_2_619Eggs,Comment,20230607,F2,CloseMaize,2,,618,tif,Count Difference,One counted particle is no egg
NoComment_20230607_F2_CloseMaize_3_1224Eggs,NoComment,20230607,F2,CloseMaize,3,,1224,tif,,
NoComment_20230607_F2_Maize_1_668Eggs,NoComment,20230607,F2,Maize,1,,668,tif,,
Comment_20230607_F2_Maize_2_234Eggs,Comment,20230607,F2,Maize,2,,234,tif,Small Cluster,
NoComment_20230607_F2_Maize_3_5Eggs,NoComment,20230607,F2,Maize,3,,5,tif,,
NoComment_20230607_F2_Maize_4_11Eggs,NoComment,20230607,F2,Maize,4,,11,tif,,
NoComment_20230607_F2_Maize_5_86Eggs,NoComment,20230607,F2,Maize,5,,86,tif,,
NoComment_20230607_F2_NoDecision_1_620Eggs,NoComment,20230607,F2,NoDecision,1,,620,tif,,
NoComment_20230607_F3_CloseMaize_1_56Eggs,NoComment,20230607,F3,CloseMaize,1,,56,tif,,
NoComment_20230607_F3_CloseMaize_2_46Eggs,NoComment,20230607,F3,CloseMaize,2,,47,tif,Count Difference,One egg forgotten
NoComment_20230607_F3_CloseMaize_3_33Eggs,NoComment,20230607,F3,CloseMaize,3,,33,tif,,
NoComment_20230607_F3_Des_1_65Eggs,NoComment,20230607,F3,Des,1,,65,tif,,
Comment_20230607_F3_Des_2_255Eggs,Comment,20230607,F3,Des,2,,255,tif,Faint Particles,
NoComment_20230607_F3_Maize_1_99Eggs,NoComment,20230607,F3,Maize,1,,99,tif,,
NoComment_20230607_F3_Maize_2_150Eggs,NoComment,20230607,F3,Maize,2,,150,tif,,
Comment_20230607_F3_Maize_3_158Eggs,Comment,20230607,F3,Maize,3,,158,tif,Faint Particles,
NoComment_20230607_G1_Des_1_78Eggs,NoComment,20230607,G1,Des,1,,78,tif,,
20230607_G1_Des_2a_97Eggs,,20230607,G1,Des,2a,,97,tif,,
20230607_G1_Des_2b_152Eggs,,20230607,G1,Des,2b,,152,tif,,
NoComment_20230607_G1_Maize_8_141Eggs,NoComment,20230607,G1,Maize,8,,141,tif,,
Comment_20230607_G1_Maize_1-2_112Eggs,Comment,20230607,G1,Maize,1-2,,112,tif,Small Cluster,
NoComment_20230607_G1_Maize_3-4_143Eggs,NoComment,20230607,G1,Maize,3-4,,143,tif,,
Comment_20230607_G1_Maize_5-7_165Eggs,Comment,20230607,G1,Maize,5-7,,165,tif,Small Cluster,
NoComment_20230607_G2_Maize_1_112Eggs,NoComment,20230607,G2,Maize,1,,112,tif,,
Comment_20230607_G2_Maize_2_263Eggs,Comment,20230607,G2,Maize,2,,263,tif,Small Layer,
NoComment_20230607_G2_Maize_3_111Eggs,NoComment,20230607,G2,Maize,3,,111,tif,,
Comment_20230607_G2_Maize_4_142Eggs,Comment,20230607,G2,Maize,4,,142,tif,Faint Particles,
Comment_20230607_G3_CloseDes_1_45Eggs,Comment,20230607,G3,CloseDes,1,,45,tif,Faint Particles,
Comment_20230607_G3_CloseMaize_1_141Eggs,Comment,20230607,G3,CloseMaize,1,,141,tif,Particles Interfering,
NoComment_20230607_G3_Des_1_110Eggs,NoComment,20230607,G3,Des,1,,110,tif,,
Comment_20230607_G3_Des_2_258Eggs,Comment,20230607,G3,Des,2,,258,tif,Small Cluster,
NoComment_20230607_G3_Des_3_331Eggs,NoComment,20230607,G3,Des,3,,331,tif,,
NoComment_20230607_G3_Des_4-5_130Eggs,NoComment,20230607,G3,Des,4-5,,130,tif,,
Comment_20230607_G3_Maize_1_123Eggs,Comment,20230607,G3,Maize,1,,123,tif,Small Cluster,
NoComment_20230607_G3_Maize_2-3_111Eggs,NoComment,20230607,G3,Maize,2-3,,111,tif,,
Comment_20230607_G3_Maize_4-7_264Eggs,Comment,20230607,G3,Maize,4-7,,264,tif,Small Cluster,
NoComment_20230607_G3_NoDecision_1_89Eggs,NoComment,20230607,G3,NoDecision,1,,89,tif,,
NoComment_20230607_G3_NoDecision_2_632Eggs,NoComment,20230607,G3,NoDecision,2,,632,tif,,
Comment_20230607_G3_NoDecision_3-4_369Eggs,Comment,20230607,G3,NoDecision,3-4,,369,tif,Faint Particles,
NoComment_20230607_H1_Des_127Eggs,NoComment,20230607,H1,Des,,,127,tif,,
NoComment_20230607_H1_Maize_1_175Eggs,NoComment,20230607,H1,Maize,1,,175,tif,,
NoComment_20230607_H1_Maize_2_187Eggs,NoComment,20230607,H1,Maize,2,,187,tif,,
NoComment_20230607_H1_Maize_3_58Eggs,NoComment,20230607,H1,Maize,3,,58,tif,,
Comment_20230607_H1_Maize_4_251Eggs,Comment,20230607,H1,Maize,4,,251,tif,Small Cluster,
Comment_20230607_H1_Maize_5_75Eggs,Comment,20230607,H1,Maize,5,,75,tif,Small Cluster,
NoComment_20230607_H2_Des_1_192Eggs,NoComment,20230607,H2,Des,1,,192,tif,,
NoComment_20230607_H2_Des_2_88Eggs,NoComment,20230607,H2,Des,2,,88,tif,,
NoComment_20230607_H2_Des_3-4_273Eggs,NoComment,20230607,H2,Des,3-4,,273,tif,,
NoComment_20230607_H2_Maize_1_220Eggs,NoComment,20230607,H2,Maize,1,,220,tif,,
Comment_20230607_H2_Maize_2_446Eggs,Comment,20230607,H2,Maize,2,,446,tif,Small Layer,
NoComment_20230607_H2_Maize_5_423Eggs,NoComment,20230607,H2,Maize,5,,423,tif,Faint Cluster,
Comment_20230607_H2_Maize_6_44Eggs,Comment,20230607,H2,Maize,6,,44,tif,Faint Particles,
Comment_20230607_H2_Maize_7_260Eggs,Comment,20230607,H2,Maize,7,,260,tif,Small Cluster,
Comment_20230607_H2_Maize_3a_289Eggs,Comment,20230607,H2,Maize,3a,,289,tif,Faint Particles,
20230607_H2_Maize_3b_176Eggs,,20230607,H2,Maize,3b,,176,tif,Faint Particles,
20230607_H2_Maize_4a_85Eggs,,20230607,H2,Maize,4a,,85,tif,,
20230607_H2_Maize_4b_37Eggs,,20230607,H2,Maize,4b,,37,tif,,
NoComment_20230607_H3_CloseDes_1-2_140Eggs,NoComment,20230607,H3,CloseDes,1-2,,140,tif,,
Comment_20230607_H3_Des_1-2_459Eggs,Comment,20230607,H3,Des,1-2,,459,tif,Small Cluster,
20230607_H3_Maize_1_209Eggs,,20230607,H3,Maize,1,,209,tif,Faint Cluster,
NoComment_20230607_J1_Des_1_125Eggs,NoComment,20230607,J1,Des,1,,125,tif,,
Comment_20230607_J1_Des_2_250Eggs,Comment,20230607,J1,Des,2,,250,tif,Cluster,
Comment_20230607_J1_Des_3_145Eggs,Comment,20230607,J1,Des,3,,145,tif,Small Cluster,
NoComment_20230607_J1_Des_4_27Eggs,NoComment,20230607,J1,Des,4,,27,tif,,
NoComment_20230607_J1_Des_5_241Eggs,NoComment,20230607,J1,Des,5,,241,tif,,
NoComment_20230607_J1_Des_6_22Eggs,NoComment,20230607,J1,Des,6,,22,tif,,
Comment_20230607_J1_Des_7_50Eggs,Comment,20230607,J1,Des,7,,50,tif,Faint Cluster,
NoComment_20230607_J1_Des_8_55Eggs,NoComment,20230607,J1,Des,8,,55,tif,Faint Cluster,
Comment_20230607_J1_Des_9_16Eggs,Comment,20230607,J1,Des,9,,16,tif,Faint Cluster,
NoComment_20230607_J1_Maize_1_118Eggs,NoComment,20230607,J1,Maize,1,,118,tif,,
Comment_20230607_J1_Maize_2_84Eggs,Comment,20230607,J1,Maize,2,,84,tif,Small Cluster,
Comment_20230607_J1_NoDecision_1-2_130Eggs,Comment,20230607,J1,NoDecision,1-2,,130,tif,Faint Particles,
NoComment_20230607_J2_Des_1_165Eggs,NoComment,20230607,J2,Des,1,,165,tif,,
Comment_20230607_J2_Des_2_240Eggs,Comment,20230607,J2,Des,2,,240,tif,Small Cluster,
NoComment_20230607_J2_Des_3_78Eggs,NoComment,20230607,J2,Des,3,,78,tif,,
NoComment_20230607_J2_Des_4_6Eggs,NoComment,20230607,J2,Des,4,,6,tif,,
Comment_20230607_J2_Des_5_73Eggs,Comment,20230607,J2,Des,5,,73,tif,Small Cluster,
NoComment_20230607_J2_Des_6_51Eggs,NoComment,20230607,J2,Des,6,,51,tif,,
NoComment_20230607_J2_Des_9_18Eggs,NoComment,20230607,J2,Des,9,,18,tif,,
Comment_20230607_J2_Des_10_214Eggs,Comment,20230607,J2,Des,10,,214,tif,Small Layer,
NoComment_20230607_J2_Des_7-8_175Eggs,NoComment,20230607,J2,Des,7-8,,175,tif,,
NoComment_20230607_J2_Maize_1_32Eggs,NoComment,20230607,J2,Maize,1,,32,tif,,
NoComment_20230607_J2_Maize_2_12Eggs,NoComment,20230607,J2,Maize,2,,12,tif,,
Comment_20230607_J2_Maize_3_156Eggs,Comment,20230607,J2,Maize,3,,156,tif,Faint Particles,
Comment_20230607_J2_Maize_4_76Eggs,Comment,20230607,J2,Maize,4,,77,tif,Count Difference,One egg wasn't counted
NoComment_20230607_J3_Des_1_110Eggs,NoComment,20230607,J3,Des,1,,110,tif,,
Comment_20230607_J3_Maize_1_10Eggs,Comment,20230607,J3,Maize,1,,10,tif,Faint Particles,
Comment_20230607_J3_Maize_2_183Eggs,Comment,20230607,J3,Maize,2,,183,tif,Small Cluster,
NoComment_20230607_J3_Maize_3_134Eggs,NoComment,20230607,J3,Maize,3,,134,tif,,
Comment_20230607_J3_NoDecision_1_115Eggs,Comment,20230607,J3,NoDecision,1,,115,tif,Faint Particles,
Comment_20230607_J3_NoDecision_2_378Eggs,Comment,20230607,J3,NoDecision,2,,378,tif,Faint Cluster,
Comment_20230607_J3_NoDecision_3_29Eggs,Comment,20230607,J3,NoDecision,3,,29,tif,Faint Cluster,
Comment_20230607_J3_NoDecision_4_109Eggs,Comment,20230607,J3,NoDecision,4,,109,tif,Faint Cluster,
NoComment_20230607_K1_Left_1_29Eggs,NoComment,20230607,K1,Left,1,,29,tif,,
NoComment_20230607_K1_Left_2_170Eggs,NoComment,20230607,K1,Left,2,,170,tif,,
NoComment_20230607_K1_Left_3_104Eggs,NoComment,20230607,K1,Left,3,,104,tif,,
NoComment_20230607_K1_Left_4_67Eggs,NoComment,20230607,K1,Left,4,,67,tif,,
NoComment_20230607_K1_Left_5_25Eggs,NoComment,20230607,K1,Left,5,,25,tif,,
NoComment_20230607_K1_Left_6_32Eggs,NoComment,20230607,K1,Left,6,,32,tif,,
Comment_20230607_K1_Left_7_206Eggs,Comment,20230607,K1,Left,7,,206,tif,Small Cluster,
Comment_20230607_K1_Left_8_259Eggs,Comment,20230607,K1,Left,8,,259,tif,Small Cluster,
Comment_20230607_K1_NoDecision_1_75Eggs,Comment,20230607,K1,NoDecision,1,,75,tif,Faint Particles,
NoComment_20230607_K1_NoDecision_2_94Eggs,NoComment,20230607,K1,NoDecision,2,,94,tif,,
Comment_20230607_K1_NoDecision_3_74Eggs,Comment,20230607,K1,NoDecision,3,,74,tif,Faint Cluster,
Comment_20230607_K1_NoDecision_4_195Eggs,Comment,20230607,K1,NoDecision,4,,195,tif,Faint Cluster,
Comment_20230607_K1_NoDecision_5_236Eggs,Comment,20230607,K1,NoDecision,5,,238,tif,Count Difference,Two eggs were not counted
Comment_20230607_K1_NoDecision_6_190Eggs,Comment,20230607,K1,NoDecision,6,,190,tif,Particles Interfering,
NoComment_20230607_K2_NoDecision_1_112Eggs,NoComment,20230607,K2,NoDecision,1,,112,tif,,
Comment_20230607_K3_Left_1-3_182Eggs,Comment,20230607,K3,Left,1-3,,182,tif,Particles Interfering,
NoComment_20230607_K3_NoDecision_1_170Eggs,NoComment,20230607,K3,NoDecision,1,,170,tif,,
NoComment_20230607_K3_NoDecision_2_148Eggs,NoComment,20230607,K3,NoDecision,2,,148,tif,,
NoComment_20230706_A2_CloseMaize_1_72Eggs,NoComment,20230706,A2,CloseMaize,1,,72,tif,,
NoComment_20230706_B1_Des_1_56Eggs,NoComment,20230706,B1,Des,1,,56,tif,,
NoComment_20230706_B1_Des_2_279Eggs,NoComment,20230706,B1,Des,2,,279,tif,,
NoComment_20230706_B1_Maize_118Eggs,NoComment,20230706,B1,Maize,,,118,tif,,
NoComment_20230706_B2_CloseDes_107Eggs,NoComment,20230706,B2,CloseDes,,,107,tif,,
Comment_20230706_B2_CloseMaize_11Eggs,Comment,20230706,B2,CloseMaize,,,11,tif,Particles Interfering,
NoComment_20230706_B2_Des_94Eggs,NoComment,20230706,B2,Des,,,94,tif,,
NoComment_20230706_B2_Maize_65Eggs,NoComment,20230706,B2,Maize,,,65,tif,,
NoComment_20230706_B2_NoDecision_1_65Eggs,NoComment,20230706,B2,NoDecision,1,,65,tif,,
NoComment_20230706_B2_NoDecision_2_26Eggs,NoComment,20230706,B2,NoDecision,2,,26,tif,,
NoComment_20230706_B2_NoDecision_3_169Eggs,NoComment,20230706,B2,NoDecision,3,,169,tif,,
NoComment_20230706_C2_Maize_1_30Eggs,NoComment,20230706,C2,Maize,1,,30,tif,,
NoComment_20230706_D1_Maize_1_122Eggs,NoComment,20230706,D1,Maize,1,,124,tif,Count Difference,Two eggs forgotten
NoComment_20230706_D1_Maize_2_217Eggs,NoComment,20230706,D1,Maize,2,,217,tif,Particles Interfering,
Comment_20230706_D1_Maize_3_316Eggs,Comment,20230706,D1,Maize,3,,316,tif,Small Layer,
NoComment_20230706_D1_Maize_4_131Eggs,NoComment,20230706,D1,Maize,4,,133,tif,Count Difference,Two eggs forgotten
Comment_20230706_E1_NoDecision_1_10Eggs,Comment,20230706,E1,NoDecision,1,,10,tif,Larvae Hatched,
NoComment_20230706_E2_NoDecision_1_41Eggs,NoComment,20230706,E2,NoDecision,1,,41,tif,,
NoComment_20230706_F1_CloseMaize_1_33Eggs,NoComment,20230706,F1,CloseMaize,1,,33,tif,Faint Particles,
NoComment_20230706_F1_Maize_1_16Eggs,NoComment,20230706,F1,Maize,1,,16,tif,,
NoComment_20230706_F1_Maize_2_154Eggs,NoComment,20230706,F1,Maize,2,,154,tif,,
Comment_20230706_F1_NoDecision_3_27Eggs,Comment,20230706,F1,NoDecision,3,,27,tif,Faint Particles,
Comment_20230706_F1_NoDecision_4_12Eggs,Comment,20230706,F1,NoDecision,4,,12,tif,Faint Particles,
NoComment_20230706_F1_NoDecision_1-2_85Eggs,NoComment,20230706,F1,NoDecision,1-2,,85,tif,,
NoComment_20230706_F3_Des_1_194Eggs,NoComment,20230706,F3,Des,1,,194,tif,,
Comment_20230706_F3_Maize_1_205Eggs,Comment,20230706,F3,Maize,1,,205,tif,Small Cluster,
Comment_20230706_G1_CloseRight_1_108Eggs,Comment,20230706,G1,CloseRight,1,,108,tif,Faint Particles,
NoComment_20230706_G1_Left_1_96Eggs,NoComment,20230706,G1,Left,1,,96,tif,,
NoComment_20230706_G1_Left_2_262Eggs,NoComment,20230706,G1,Left,2,,262,tif,,
Comment_20230706_G1_Right_1_280Eggs,Comment,20230706,G1,Right,1,,280,tif,Small Cluster,
NoComment_20230706_G1_Right_2_196Eggs,NoComment,20230706,G1,Right,2,,196,tif,,
NoComment_20230706_G2_CloseMaize_1_127Eggs,NoComment,20230706,G2,CloseLeft,1,,127,tif,Faint Cluster,
Comment_20230706_G3_CloseRight_4Eggs,Comment,20230706,G3,CloseRight,,,5,tif,Faint Particles,One Egg forgotten
NoComment_20230706_G3_Right_3Eggs,NoComment,20230706,G3,Right,,,3,tif,,
NoComment_20230706_H1_Maize_1_6Eggs,NoComment,20230706,H1,Maize,1,,6,tif,,
Comment_20230706_H1_Maize_2_22Eggs,Comment,20230706,H1,Maize,2,,22,tif,Faint Particles,
NoComment_20230706_H2_Des_1-3_33Eggs,NoComment,20230706,H2,Des,1-3,,33,tif,,
NoComment_20230706_H2_Maize_248Eggs,NoComment,20230706,H2,Maize,,,248,tif,,
NoComment_20230706_H3_CloseMaize_1_46Eggs,NoComment,20230706,H3,CloseMaize,1,,46,tif,,
NoComment_20230706_H3_CloseMaize_2_34Eggs,NoComment,20230706,H3,CloseMaize,2,,34,tif,,
NoComment_20230706_H3_Des_1_12Eggs,NoComment,20230706,H3,Des,1,,12,tif,,
NoComment_20230706_H3_Des_2_52Eggs,NoComment,20230706,H3,Des,2,,52,tif,,
NoComment_20230706_H3_Maize_1_162Eggs,NoComment,20230706,H3,Maize,1,,162,tif,,
NoComment_20230706_J1_Des_1_134Eggs,NoComment,20230706,J1,Des,1,,134,tif,,
NoComment_20230706_J1_Des_2_51Eggs,NoComment,20230706,J1,Des,2,,51,tif,,
NoComment_20230706_J1_Maize_1_65Eggs,NoComment,20230706,J1,Maize,1,,65,tif,,
NoComment_20230706_J1_Maize_2_105Eggs,NoComment,20230706,J1,Maize,2,,105,tif,,
NoComment_20230706_J2_Maize_110Eggs,NoComment,20230706,J2,Maize,,,110,tif,,
NoComment_20230706_J3_Des_1_43Eggs,NoComment,20230706,J3,Des,1,,43,tif,,
Comment_20230706_J3_Des_2_54Eggs,Comment,20230706,J3,Des,2,,54,tif,Faint Cluster,
NoComment_20230706_J3_Des_3_52Eggs,NoComment,20230706,J3,Des,3,,52,tif,,
Comment_20230706_J3_Des_4_163Eggs,Comment,20230706,J3,Des,4,,163,tif,Faint Cluster,
Comment_20230706_J3_Maize_1_232Eggs,Comment,20230706,J3,Maize,1,,232,tif,Faint Cluster,
NoComment_20230706_J3_Maize_2_102Eggs,NoComment,20230706,J3,Maize,2,,102,tif,,
NoComment_20230706_K1_CloseMaize_1_61Eggs,NoComment,20230706,K1,CloseMaize,1,,61,tif,,
NoComment_20230706_K1_Maize_1_54Eggs,NoComment,20230706,K1,Maize,1,,54,tif,,
NoComment_20230706_K1_Maize_2_64Eggs,NoComment,20230706,K1,Maize,2,,64,jpg,,
Comment_20230706_K1_Maize_3_103Eggs,Comment,20230706,K1,Maize,3,,103,tif,Small Layer,
NoComment_20230706_K1_Maize_4_112Eggs,NoComment,20230706,K1,Maize,4,,112,tif,,
NoComment_20230706_K1_Maize_5_180Eggs,NoComment,20230706,K1,Maize,5,,180,tif,Faint Cluster,
NoComment_20230706_K1_Maize_6_117Eggs,NoComment,20230706,K1,Maize,6,,117,tif,,
NoComment_20230706_K1_Maize_7_64Eggs,NoComment,20230706,K1,Maize,7,,64,tif,,
NoComment_20230706_K2_Des_3_26Eggs,NoComment,20230706,K2,Des,3,,26,tif,,
NoComment_20230706_K2_Des_4_166Eggs,NoComment,20230706,K2,Des,4,,166,tif,,
NoComment_20230706_K2_Des_1-2_48Eggs,NoComment,20230706,K2,Des,1-2,,48,tif,,
NoComment_20230706_K2_Maize_1_72Eggs,NoComment,20230706,K2,Maize,1,,72,tif,,
NoComment_20230706_K2_Maize_2_73Eggs,NoComment,20230706,K2,Maize,2,,73,tif,,
NoComment_20230706_K2_Maize_3_61Eggs,NoComment,20230706,K2,Maize,3,,61,tif,,
NoComment_20230706_K2_Maize_4_42Eggs,NoComment,20230706,K2,Maize,4,,42,tif,,
NoComment_20230706_K2_Maize_5_48Eggs,NoComment,20230706,K2,Maize,5,,48,tif,,
NoComment_20230706_K2_Maize_6_38Eggs,NoComment,20230706,K2,Maize,6,,38,tif,,
NoComment_20230706_K2_NoDecision_167Eggs,NoComment,20230706,K2,NoDecision,,,167,tif,,
NoComment_20230706_K3_Maize_1_47Eggs,NoComment,20230706,K3,Maize,1,,47,tif,,
